ra,dec
0.00017453,-0.79413
0.60022,-0.089012
0.92503, -0.47717
2.6180,0.049567
6.0982,-1.1048
